{"name":"Login con Carrito","id":"demoblaze;login-con-carrito","scenarioId":"web/Singin:Login con Carrito","methodName":"Login con Carrito","testSteps":[{"number":1,"description":"Dado que soy un usuario de DemoBlaze","duration":4546,"startTime":"2024-09-15T17:43:12.712393800-05:00[America/Bogota]","screenshots":[{"screenshot":"b5b0bfac2a2f26ae753caaa91f0668e703b118c7e1f11ba868b7a1932cf6f9ca.png","timeStamp":1726440197259,"screenshotName":"b5b0bfac2a2f26ae753caaa91f0668e703b118c7e1f11ba868b7a1932cf6f9ca.png"}],"result":"SUCCESS","precondition":false,"level":0,"children":[{"number":2,"description":"cindy opens the browser at https://www.demoblaze.com","duration":4123,"startTime":"2024-09-15T17:43:13.110923200-05:00[America/Bogota]","screenshots":[{"screenshot":"b5b0bfac2a2f26ae753caaa91f0668e703b118c7e1f11ba868b7a1932cf6f9ca.png","timeStamp":1726440197233,"screenshotName":"b5b0bfac2a2f26ae753caaa91f0668e703b118c7e1f11ba868b7a1932cf6f9ca.png"}],"result":"SUCCESS","precondition":false,"level":1}]},{"number":3,"description":"Cuando agrego un celular al carrito","duration":11901,"startTime":"2024-09-15T17:43:17.263218700-05:00[America/Bogota]","screenshots":[{"screenshot":"fde251e288c30cb4ad437192ae461d21fad8336b6bfeb37ec4223b4fdbcafb10.png","timeStamp":1726440209164,"screenshotName":"fde251e288c30cb4ad437192ae461d21fad8336b6bfeb37ec4223b4fdbcafb10.png"}],"result":"SUCCESS","precondition":false,"level":0,"children":[{"number":4,"description":"Cindy login cart","duration":6741,"startTime":"2024-09-15T17:43:22.412434300-05:00[America/Bogota]","screenshots":[{"screenshot":"04e8c976359f32421ff73916cd076191bde2e90672c0483875796d0978e3d1d3.png","htmlSource":"pagesource13024873493783990095.html","timeStamp":1726440202714,"screenshotName":"04e8c976359f32421ff73916cd076191bde2e90672c0483875796d0978e3d1d3.png"},{"screenshot":"fde251e288c30cb4ad437192ae461d21fad8336b6bfeb37ec4223b4fdbcafb10.png","timeStamp":1726440209153,"screenshotName":"fde251e288c30cb4ad437192ae461d21fad8336b6bfeb37ec4223b4fdbcafb10.png"}],"result":"SUCCESS","precondition":false,"level":1,"children":[{"number":5,"description":"cindy clicks on LOG IN","duration":1052,"startTime":"2024-09-15T17:43:23.016729700-05:00[America/Bogota]","screenshots":[{"screenshot":"7d4b164ef549c0abfaba6774d12a1a50afa6a0a554ef9c5f40de3e11639fe37c.png","htmlSource":"pagesource17255457748260296491.html","timeStamp":1726440203457,"screenshotName":"7d4b164ef549c0abfaba6774d12a1a50afa6a0a554ef9c5f40de3e11639fe37c.png"},{"screenshot":"71b532da1e8597f336e189b358527386ee1ceb84139ee0ec4bb4c0eed8a9b618.png","timeStamp":1726440204069,"screenshotName":"71b532da1e8597f336e189b358527386ee1ceb84139ee0ec4bb4c0eed8a9b618.png"}],"result":"SUCCESS","precondition":false,"level":2},{"number":6,"description":"cindy enters \u0027Cindy20\u0027 into Name login","duration":726,"startTime":"2024-09-15T17:43:24.093191900-05:00[America/Bogota]","screenshots":[{"screenshot":"2d009448ab209eb6eeaf3ee6565177e5121c1ae24886c288b722f85e12f1eeb9.png","htmlSource":"pagesource16855512552010749822.html","timeStamp":1726440204422,"screenshotName":"2d009448ab209eb6eeaf3ee6565177e5121c1ae24886c288b722f85e12f1eeb9.png"},{"screenshot":"f8bbb7799506999023c3c655898df96e1790df3b04671b2334dd52d7cc56ff02.png","timeStamp":1726440204819,"screenshotName":"f8bbb7799506999023c3c655898df96e1790df3b04671b2334dd52d7cc56ff02.png"}],"result":"SUCCESS","precondition":false,"level":2},{"number":7,"description":"cindy enters \u002712345678\u0027 into Password login","duration":419,"startTime":"2024-09-15T17:43:24.830568600-05:00[America/Bogota]","screenshots":[{"screenshot":"f8bbb7799506999023c3c655898df96e1790df3b04671b2334dd52d7cc56ff02.png","htmlSource":"pagesource8756868183932789083.html","timeStamp":1726440204868,"screenshotName":"f8bbb7799506999023c3c655898df96e1790df3b04671b2334dd52d7cc56ff02.png"},{"screenshot":"090caf6c5dee4b94ad497e87313d3601aff340f7efdb8c02afd28c32f12a77e2.png","timeStamp":1726440205250,"screenshotName":"090caf6c5dee4b94ad497e87313d3601aff340f7efdb8c02afd28c32f12a77e2.png"}],"result":"SUCCESS","precondition":false,"level":2},{"number":8,"description":"cindy clicks on Login completado","duration":407,"startTime":"2024-09-15T17:43:25.263372500-05:00[America/Bogota]","screenshots":[{"screenshot":"090caf6c5dee4b94ad497e87313d3601aff340f7efdb8c02afd28c32f12a77e2.png","htmlSource":"pagesource4106500766997546055.html","timeStamp":1726440205306,"screenshotName":"090caf6c5dee4b94ad497e87313d3601aff340f7efdb8c02afd28c32f12a77e2.png"},{"screenshot":"155ff7568003150082ed9d3fe6bdaee72a0c6166386ff0019fb679da80a98a83.png","timeStamp":1726440205670,"screenshotName":"155ff7568003150082ed9d3fe6bdaee72a0c6166386ff0019fb679da80a98a83.png"}],"result":"SUCCESS","precondition":false,"level":2},{"number":9,"description":"cindy clicks on Celular","duration":1134,"startTime":"2024-09-15T17:43:27.336924200-05:00[America/Bogota]","screenshots":[{"screenshot":"acf78de4a78100e0205e28628d52789e713a50bce771e97a285c20153010a217.png","htmlSource":"pagesource11370929164129467341.html","timeStamp":1726440207618,"screenshotName":"acf78de4a78100e0205e28628d52789e713a50bce771e97a285c20153010a217.png"},{"screenshot":"4c7fe345b72cb95026f34022a7ec1b0d3e71c2de6d44e02f6edc97c6e9315abc.png","timeStamp":1726440208471,"screenshotName":"4c7fe345b72cb95026f34022a7ec1b0d3e71c2de6d44e02f6edc97c6e9315abc.png"}],"result":"SUCCESS","precondition":false,"level":2},{"number":10,"description":"cindy clicks on Añadir al carrito","duration":665,"startTime":"2024-09-15T17:43:28.480409600-05:00[America/Bogota]","screenshots":[{"screenshot":"4c7fe345b72cb95026f34022a7ec1b0d3e71c2de6d44e02f6edc97c6e9315abc.png","htmlSource":"pagesource3600815679863504168.html","timeStamp":1726440208509,"screenshotName":"4c7fe345b72cb95026f34022a7ec1b0d3e71c2de6d44e02f6edc97c6e9315abc.png"},{"screenshot":"fde251e288c30cb4ad437192ae461d21fad8336b6bfeb37ec4223b4fdbcafb10.png","timeStamp":1726440209145,"screenshotName":"fde251e288c30cb4ad437192ae461d21fad8336b6bfeb37ec4223b4fdbcafb10.png"}],"result":"SUCCESS","precondition":false,"level":2}]}]},{"number":11,"description":"Cuando ingreso para verificar carrito","duration":1832,"startTime":"2024-09-15T17:43:29.166982100-05:00[America/Bogota]","screenshots":[{"screenshot":"0d69a83265bde4618297f287e964521d6891911dea32c5d900bb8ca014552302.png","timeStamp":1726440210999,"screenshotName":"0d69a83265bde4618297f287e964521d6891911dea32c5d900bb8ca014552302.png"}],"result":"SUCCESS","precondition":false,"level":0,"children":[{"number":12,"description":"Cindy login new cart","duration":1744,"startTime":"2024-09-15T17:43:29.236290700-05:00[America/Bogota]","screenshots":[{"screenshot":"9d1fd30f26d5a7b1cf15e791666708aaa546e95356e0b0281dcb6ff2407e4629.png","htmlSource":"pagesource4396757299880343207.html","timeStamp":1726440209507,"screenshotName":"9d1fd30f26d5a7b1cf15e791666708aaa546e95356e0b0281dcb6ff2407e4629.png"},{"screenshot":"0d69a83265bde4618297f287e964521d6891911dea32c5d900bb8ca014552302.png","timeStamp":1726440210980,"screenshotName":"0d69a83265bde4618297f287e964521d6891911dea32c5d900bb8ca014552302.png"}],"result":"SUCCESS","precondition":false,"level":1,"children":[{"number":13,"description":"cindy clicks on Carrito","duration":1310,"startTime":"2024-09-15T17:43:29.659357500-05:00[America/Bogota]","screenshots":[{"screenshot":"9d1fd30f26d5a7b1cf15e791666708aaa546e95356e0b0281dcb6ff2407e4629.png","htmlSource":"pagesource9661839050487254450.html","timeStamp":1726440210000,"screenshotName":"9d1fd30f26d5a7b1cf15e791666708aaa546e95356e0b0281dcb6ff2407e4629.png"},{"screenshot":"0d69a83265bde4618297f287e964521d6891911dea32c5d900bb8ca014552302.png","timeStamp":1726440210968,"screenshotName":"0d69a83265bde4618297f287e964521d6891911dea32c5d900bb8ca014552302.png"}],"result":"SUCCESS","precondition":false,"level":2}]}]},{"number":14,"description":"Entonces verifico que se encuentre agregado","duration":985,"startTime":"2024-09-15T17:43:31.004975500-05:00[America/Bogota]","screenshots":[{"screenshot":"6fda0380da7a4cde6dcd8e64c0c5710f3cda3eaa5e3531e1caacba0338afc7ce.png","timeStamp":1726440211990,"screenshotName":"6fda0380da7a4cde6dcd8e64c0c5710f3cda3eaa5e3531e1caacba0338afc7ce.png"}],"result":"SUCCESS","precondition":false,"level":0,"children":[{"number":15,"description":"Then verify product should be (true)","duration":818,"startTime":"2024-09-15T17:43:31.159799700-05:00[America/Bogota]","screenshots":[{"screenshot":"9dbfbf5d88d57b757200938d17f3b940949744392f8679d8b467867322d542d4.png","htmlSource":"pagesource11664800556688686217.html","timeStamp":1726440211438,"screenshotName":"9dbfbf5d88d57b757200938d17f3b940949744392f8679d8b467867322d542d4.png"},{"screenshot":"6fda0380da7a4cde6dcd8e64c0c5710f3cda3eaa5e3531e1caacba0338afc7ce.png","timeStamp":1726440211978,"screenshotName":"6fda0380da7a4cde6dcd8e64c0c5710f3cda3eaa5e3531e1caacba0338afc7ce.png"}],"result":"SUCCESS","precondition":false,"level":1}]},{"number":16,"description":"Y finalizo la compra verificada","duration":4138,"startTime":"2024-09-15T17:43:31.993151600-05:00[America/Bogota]","screenshots":[{"screenshot":"f99a07c8ce2845a767d0588f25875b69915df413b2df54633b22fad8f007552e.png","timeStamp":1726440216131,"screenshotName":"f99a07c8ce2845a767d0588f25875b69915df413b2df54633b22fad8f007552e.png"}],"result":"SUCCESS","precondition":false,"level":0,"children":[{"number":17,"description":"Cindy purchase","duration":3733,"startTime":"2024-09-15T17:43:32.054929300-05:00[America/Bogota]","screenshots":[{"screenshot":"ed6e0c9f8018e47d6edc249a4ed21f8ceb532465912273a3675d31d2c77e45d8.png","timeStamp":1726440215788,"screenshotName":"ed6e0c9f8018e47d6edc249a4ed21f8ceb532465912273a3675d31d2c77e45d8.png"}],"result":"SUCCESS","precondition":false,"level":1,"children":[{"number":18,"description":"cindy clicks on Boton Place Order","duration":637,"startTime":"2024-09-15T17:43:32.410221900-05:00[America/Bogota]","screenshots":[{"screenshot":"c4c2e3e0986f6f8e5d5693ea6b980c5955c5bb19491c9cdab180456dae24dd0c.png","timeStamp":1726440213046,"screenshotName":"c4c2e3e0986f6f8e5d5693ea6b980c5955c5bb19491c9cdab180456dae24dd0c.png"}],"result":"SUCCESS","precondition":false,"level":2},{"number":19,"description":"cindy enters \u0027Cindy Yazan\u0027 into Nombre en la orden de compra","duration":447,"startTime":"2024-09-15T17:43:33.057846600-05:00[America/Bogota]","screenshots":[{"screenshot":"c4c2e3e0986f6f8e5d5693ea6b980c5955c5bb19491c9cdab180456dae24dd0c.png","htmlSource":"pagesource1909278281393614212.html","timeStamp":1726440213091,"screenshotName":"c4c2e3e0986f6f8e5d5693ea6b980c5955c5bb19491c9cdab180456dae24dd0c.png"},{"screenshot":"b7aa7e2dc36b759e316741a9143484b87369d1431c5d508825a466b1ae07b257.png","timeStamp":1726440213504,"screenshotName":"b7aa7e2dc36b759e316741a9143484b87369d1431c5d508825a466b1ae07b257.png"}],"result":"SUCCESS","precondition":false,"level":2},{"number":20,"description":"cindy enters \u0027Ecuador\u0027 into Pais en la orden de compra","duration":369,"startTime":"2024-09-15T17:43:33.517710100-05:00[America/Bogota]","screenshots":[{"screenshot":"b7aa7e2dc36b759e316741a9143484b87369d1431c5d508825a466b1ae07b257.png","htmlSource":"pagesource15278718206634963965.html","timeStamp":1726440213551,"screenshotName":"b7aa7e2dc36b759e316741a9143484b87369d1431c5d508825a466b1ae07b257.png"},{"screenshot":"93dfc67f10d5ebdb7a48e067eff1a48536ee79c8448982d9c789c89461f3b038.png","timeStamp":1726440213887,"screenshotName":"93dfc67f10d5ebdb7a48e067eff1a48536ee79c8448982d9c789c89461f3b038.png"}],"result":"SUCCESS","precondition":false,"level":2},{"number":21,"description":"cindy enters \u0027Quito\u0027 into  Ciudad en la orden de compra","duration":407,"startTime":"2024-09-15T17:43:33.897481500-05:00[America/Bogota]","screenshots":[{"screenshot":"93dfc67f10d5ebdb7a48e067eff1a48536ee79c8448982d9c789c89461f3b038.png","htmlSource":"pagesource5906578979083481871.html","timeStamp":1726440213931,"screenshotName":"93dfc67f10d5ebdb7a48e067eff1a48536ee79c8448982d9c789c89461f3b038.png"},{"screenshot":"ff99e4159e220594e60a9ecf192c34688f3534ccf8053f217f8c9c2cb9c1fb43.png","timeStamp":1726440214305,"screenshotName":"ff99e4159e220594e60a9ecf192c34688f3534ccf8053f217f8c9c2cb9c1fb43.png"}],"result":"SUCCESS","precondition":false,"level":2},{"number":22,"description":"cindy enters \u00274012345684592458\u0027 into Numero Tarjeta en la orden de compra","duration":394,"startTime":"2024-09-15T17:43:34.315431300-05:00[America/Bogota]","screenshots":[{"screenshot":"ff99e4159e220594e60a9ecf192c34688f3534ccf8053f217f8c9c2cb9c1fb43.png","htmlSource":"pagesource6082497160963931603.html","timeStamp":1726440214350,"screenshotName":"ff99e4159e220594e60a9ecf192c34688f3534ccf8053f217f8c9c2cb9c1fb43.png"},{"screenshot":"6d64daca96eb335e843a6b3fbecef351621687dcc550fa3d913add7001d941a4.png","timeStamp":1726440214709,"screenshotName":"6d64daca96eb335e843a6b3fbecef351621687dcc550fa3d913add7001d941a4.png"}],"result":"SUCCESS","precondition":false,"level":2},{"number":23,"description":"cindy enters \u0027septiembre\u0027 into Mes en la orden de compra","duration":332,"startTime":"2024-09-15T17:43:34.718436400-05:00[America/Bogota]","screenshots":[{"screenshot":"6d64daca96eb335e843a6b3fbecef351621687dcc550fa3d913add7001d941a4.png","htmlSource":"pagesource2015808347934695708.html","timeStamp":1726440214743,"screenshotName":"6d64daca96eb335e843a6b3fbecef351621687dcc550fa3d913add7001d941a4.png"},{"screenshot":"b512f41661654866a523826ff2d2a1e743c60c31d2e7049b541ad9fcb98ec003.png","timeStamp":1726440215050,"screenshotName":"b512f41661654866a523826ff2d2a1e743c60c31d2e7049b541ad9fcb98ec003.png"}],"result":"SUCCESS","precondition":false,"level":2},{"number":24,"description":"cindy enters \u00272024\u0027 into Año en la orden de compra","duration":374,"startTime":"2024-09-15T17:43:35.059119300-05:00[America/Bogota]","screenshots":[{"screenshot":"b512f41661654866a523826ff2d2a1e743c60c31d2e7049b541ad9fcb98ec003.png","htmlSource":"pagesource1154089038167337925.html","timeStamp":1726440215090,"screenshotName":"b512f41661654866a523826ff2d2a1e743c60c31d2e7049b541ad9fcb98ec003.png"},{"screenshot":"f3330735923b5e716ec177f96359a93e1cf1cebc778b1b94855589f2bf655015.png","timeStamp":1726440215433,"screenshotName":"f3330735923b5e716ec177f96359a93e1cf1cebc778b1b94855589f2bf655015.png"}],"result":"SUCCESS","precondition":false,"level":2},{"number":25,"description":"cindy clicks on Año en la orden de compra","duration":332,"startTime":"2024-09-15T17:43:35.443423600-05:00[America/Bogota]","screenshots":[{"screenshot":"f3330735923b5e716ec177f96359a93e1cf1cebc778b1b94855589f2bf655015.png","htmlSource":"pagesource13345754060417683426.html","timeStamp":1726440215476,"screenshotName":"f3330735923b5e716ec177f96359a93e1cf1cebc778b1b94855589f2bf655015.png"},{"screenshot":"ed6e0c9f8018e47d6edc249a4ed21f8ceb532465912273a3675d31d2c77e45d8.png","timeStamp":1726440215776,"screenshotName":"ed6e0c9f8018e47d6edc249a4ed21f8ceb532465912273a3675d31d2c77e45d8.png"}],"result":"SUCCESS","precondition":false,"level":2}]},{"number":26,"description":"Then verify purchase should be (true)","duration":323,"startTime":"2024-09-15T17:43:35.793574200-05:00[America/Bogota]","screenshots":[{"screenshot":"ed6e0c9f8018e47d6edc249a4ed21f8ceb532465912273a3675d31d2c77e45d8.png","htmlSource":"pagesource14809055857090551054.html","timeStamp":1726440215833,"screenshotName":"ed6e0c9f8018e47d6edc249a4ed21f8ceb532465912273a3675d31d2c77e45d8.png"},{"screenshot":"f99a07c8ce2845a767d0588f25875b69915df413b2df54633b22fad8f007552e.png","timeStamp":1726440216117,"screenshotName":"f99a07c8ce2845a767d0588f25875b69915df413b2df54633b22fad8f007552e.png"}],"result":"SUCCESS","precondition":false,"level":1}]}],"userStory":{"id":"web/Singin","storyName":"DemoBlaze","displayName":"DemoBlaze","path":"web/Singin","pathElements":[{"name":"web","description":""},{"name":"Singin","description":""}],"type":"feature"},"title":"Login con Carrito","description":"","tags":[{"name":"Chrome","type":"context","displayName":"Chrome"},{"name":"Windows","type":"context","displayName":"Windows"},{"name":"Cart","type":"tag","displayName":"Cart"},{"name":"DemoBlaze","type":"tag","displayName":"DemoBlaze"},{"name":"Chrome, Windows","type":"context","displayName":"Chrome, Windows"}],"startTime":"2024-09-15T17:43:12.422737800-05:00[America/Bogota]","duration":23713,"projectKey":"","sessionId":"fbc25ef6c25d98b4202a55f7f8f048cf","driver":"chrome:cindy","isManualTestingUpToDate":false,"context":"chrome,windows","manual":false,"testSource":"Cucumber","actors":[{"name":"cindy","can":["browse the web"]}],"order":0,"result":"SUCCESS"}