{"name":"Login con Carrito y agregar productos","id":"demoblaze;login-con-carrito-y-agregar-productos","scenarioId":"web/Singin:Login con Carrito y agregar productos","methodName":"Login con Carrito y agregar productos","testSteps":[{"number":1,"description":"1: Login con Carrito y agregar productos ({producto\u003dSamsung galaxy s6})","duration":20101,"startTime":"2024-09-25T22:49:03.062125400-05:00[America/Bogota]","screenshots":[{"screenshot":"c63763d2cf95488283a7f110624964e5d1bc8ce453d3c9cdc2fee26530a338fc.png","timeStamp":1727322563164,"screenshotName":"c63763d2cf95488283a7f110624964e5d1bc8ce453d3c9cdc2fee26530a338fc.png"}],"result":"SUCCESS","precondition":false,"level":0,"lineNumber":21,"children":[{"number":2,"description":"Dado que soy un usuario de DemoBlaze","duration":5493,"startTime":"2024-09-25T22:49:03.411046700-05:00[America/Bogota]","screenshots":[{"screenshot":"a52b145e7c3bc85f63122587b2b572186e7a5eb787939c3f67fbd11b129cab1e.png","timeStamp":1727322548904,"screenshotName":"a52b145e7c3bc85f63122587b2b572186e7a5eb787939c3f67fbd11b129cab1e.png"}],"result":"SUCCESS","precondition":false,"level":1,"children":[{"number":3,"description":"cindy opens the browser at https://www.demoblaze.com","duration":5028,"startTime":"2024-09-25T22:49:03.848379700-05:00[America/Bogota]","screenshots":[{"screenshot":"a52b145e7c3bc85f63122587b2b572186e7a5eb787939c3f67fbd11b129cab1e.png","timeStamp":1727322548876,"screenshotName":"a52b145e7c3bc85f63122587b2b572186e7a5eb787939c3f67fbd11b129cab1e.png"}],"result":"SUCCESS","precondition":false,"level":2}]},{"number":4,"description":"Cuando agrego el producto \"Samsung galaxy s6\" al carrito","duration":6147,"startTime":"2024-09-25T22:49:08.913285600-05:00[America/Bogota]","screenshots":[{"screenshot":"a52b145e7c3bc85f63122587b2b572186e7a5eb787939c3f67fbd11b129cab1e.png","htmlSource":"pagesource15671746833628678423.html","timeStamp":1727322549326,"screenshotName":"a52b145e7c3bc85f63122587b2b572186e7a5eb787939c3f67fbd11b129cab1e.png"},{"screenshot":"650f8c2aa135d8b11bfe4cee37f65f7c55b9554bb962bcc1a5726ba742880cdf.png","timeStamp":1727322555061,"screenshotName":"650f8c2aa135d8b11bfe4cee37f65f7c55b9554bb962bcc1a5726ba742880cdf.png"}],"result":"SUCCESS","precondition":false,"level":1,"children":[{"number":5,"description":"Cindy login cart con producto","duration":5633,"startTime":"2024-09-25T22:49:09.413129200-05:00[America/Bogota]","screenshots":[{"screenshot":"9259674ccc37b0bf6c71de62b7413b8ff38088bdbdeda155426d9ab748fd29d0.png","htmlSource":"pagesource14408505947946494794.html","timeStamp":1727322549776,"screenshotName":"9259674ccc37b0bf6c71de62b7413b8ff38088bdbdeda155426d9ab748fd29d0.png"},{"screenshot":"650f8c2aa135d8b11bfe4cee37f65f7c55b9554bb962bcc1a5726ba742880cdf.png","timeStamp":1727322555046,"screenshotName":"650f8c2aa135d8b11bfe4cee37f65f7c55b9554bb962bcc1a5726ba742880cdf.png"}],"result":"SUCCESS","precondition":false,"level":2,"children":[{"number":6,"description":"cindy clicks on LOG IN","duration":988,"startTime":"2024-09-25T22:49:10.167946900-05:00[America/Bogota]","screenshots":[{"screenshot":"9259674ccc37b0bf6c71de62b7413b8ff38088bdbdeda155426d9ab748fd29d0.png","htmlSource":"pagesource991149241054435934.html","timeStamp":1727322550528,"screenshotName":"9259674ccc37b0bf6c71de62b7413b8ff38088bdbdeda155426d9ab748fd29d0.png"},{"screenshot":"0e5b453641fc4085d95682c50eebe98e27b7db36d39812835225523152e77d69.png","timeStamp":1727322551156,"screenshotName":"0e5b453641fc4085d95682c50eebe98e27b7db36d39812835225523152e77d69.png"}],"result":"SUCCESS","precondition":false,"level":3},{"number":7,"description":"cindy enters \u0027Cindy20\u0027 into Name login","duration":637,"startTime":"2024-09-25T22:49:11.179442300-05:00[America/Bogota]","screenshots":[{"screenshot":"0e5b453641fc4085d95682c50eebe98e27b7db36d39812835225523152e77d69.png","htmlSource":"pagesource7199182060640073465.html","timeStamp":1727322551246,"screenshotName":"0e5b453641fc4085d95682c50eebe98e27b7db36d39812835225523152e77d69.png"},{"screenshot":"a1f03191c8fe84546575f850e12f5fea4492af27f970798d334edd29b490ed87.png","timeStamp":1727322551816,"screenshotName":"a1f03191c8fe84546575f850e12f5fea4492af27f970798d334edd29b490ed87.png"}],"result":"SUCCESS","precondition":false,"level":3},{"number":8,"description":"cindy enters \u002712345678\u0027 into Password login","duration":508,"startTime":"2024-09-25T22:49:11.833520700-05:00[America/Bogota]","screenshots":[{"screenshot":"a1f03191c8fe84546575f850e12f5fea4492af27f970798d334edd29b490ed87.png","htmlSource":"pagesource181560140398463735.html","timeStamp":1727322551882,"screenshotName":"a1f03191c8fe84546575f850e12f5fea4492af27f970798d334edd29b490ed87.png"},{"screenshot":"88643f924c3ebf246a01fade49917d7b84053817cd4c69deab8cb6e71df3cec4.png","timeStamp":1727322552341,"screenshotName":"88643f924c3ebf246a01fade49917d7b84053817cd4c69deab8cb6e71df3cec4.png"}],"result":"SUCCESS","precondition":false,"level":3},{"number":9,"description":"cindy clicks on Login completado","duration":463,"startTime":"2024-09-25T22:49:12.356328600-05:00[America/Bogota]","screenshots":[{"screenshot":"88643f924c3ebf246a01fade49917d7b84053817cd4c69deab8cb6e71df3cec4.png","htmlSource":"pagesource14529955571782161446.html","timeStamp":1727322552402,"screenshotName":"88643f924c3ebf246a01fade49917d7b84053817cd4c69deab8cb6e71df3cec4.png"},{"screenshot":"0b7a9eb1d5250239fb0142da5fbe303d6f667766fd959665fffa24840c3105cf.png","timeStamp":1727322552820,"screenshotName":"0b7a9eb1d5250239fb0142da5fbe303d6f667766fd959665fffa24840c3105cf.png"}],"result":"SUCCESS","precondition":false,"level":3},{"number":10,"description":"cindy clicks on Producto","duration":997,"startTime":"2024-09-25T22:49:13.576411800-05:00[America/Bogota]","screenshots":[{"screenshot":"707e9724e41baac4096438d96e22996fe7d88add3157298cb36236c831c83c3c.png","htmlSource":"pagesource102244604911258570.html","timeStamp":1727322553875,"screenshotName":"707e9724e41baac4096438d96e22996fe7d88add3157298cb36236c831c83c3c.png"},{"screenshot":"4c7fe345b72cb95026f34022a7ec1b0d3e71c2de6d44e02f6edc97c6e9315abc.png","timeStamp":1727322554573,"screenshotName":"4c7fe345b72cb95026f34022a7ec1b0d3e71c2de6d44e02f6edc97c6e9315abc.png"}],"result":"SUCCESS","precondition":false,"level":3},{"number":11,"description":"cindy clicks on Añadir al carrito","duration":449,"startTime":"2024-09-25T22:49:14.588513300-05:00[America/Bogota]","screenshots":[{"screenshot":"4c7fe345b72cb95026f34022a7ec1b0d3e71c2de6d44e02f6edc97c6e9315abc.png","htmlSource":"pagesource15724584458284987630.html","timeStamp":1727322554618,"screenshotName":"4c7fe345b72cb95026f34022a7ec1b0d3e71c2de6d44e02f6edc97c6e9315abc.png"},{"screenshot":"650f8c2aa135d8b11bfe4cee37f65f7c55b9554bb962bcc1a5726ba742880cdf.png","timeStamp":1727322555037,"screenshotName":"650f8c2aa135d8b11bfe4cee37f65f7c55b9554bb962bcc1a5726ba742880cdf.png"}],"result":"SUCCESS","precondition":false,"level":3}]}]},{"number":12,"description":"Y ingreso para verificar carrito","duration":1500,"startTime":"2024-09-25T22:49:15.068222200-05:00[America/Bogota]","screenshots":[{"screenshot":"650f8c2aa135d8b11bfe4cee37f65f7c55b9554bb962bcc1a5726ba742880cdf.png","htmlSource":"pagesource9136127233061850335.html","timeStamp":1727322555103,"screenshotName":"650f8c2aa135d8b11bfe4cee37f65f7c55b9554bb962bcc1a5726ba742880cdf.png"},{"screenshot":"0d69a83265bde4618297f287e964521d6891911dea32c5d900bb8ca014552302.png","timeStamp":1727322556568,"screenshotName":"0d69a83265bde4618297f287e964521d6891911dea32c5d900bb8ca014552302.png"}],"result":"SUCCESS","precondition":false,"level":1,"children":[{"number":13,"description":"Cindy login new cart","duration":1375,"startTime":"2024-09-25T22:49:15.177260300-05:00[America/Bogota]","screenshots":[{"screenshot":"0d69a83265bde4618297f287e964521d6891911dea32c5d900bb8ca014552302.png","timeStamp":1727322556552,"screenshotName":"0d69a83265bde4618297f287e964521d6891911dea32c5d900bb8ca014552302.png"}],"result":"SUCCESS","precondition":false,"level":2,"children":[{"number":14,"description":"cindy clicks on Carrito","duration":1161,"startTime":"2024-09-25T22:49:15.378880700-05:00[America/Bogota]","screenshots":[{"screenshot":"9d1fd30f26d5a7b1cf15e791666708aaa546e95356e0b0281dcb6ff2407e4629.png","htmlSource":"pagesource7931110021351002461.html","timeStamp":1727322555726,"screenshotName":"9d1fd30f26d5a7b1cf15e791666708aaa546e95356e0b0281dcb6ff2407e4629.png"},{"screenshot":"0d69a83265bde4618297f287e964521d6891911dea32c5d900bb8ca014552302.png","timeStamp":1727322556540,"screenshotName":"0d69a83265bde4618297f287e964521d6891911dea32c5d900bb8ca014552302.png"}],"result":"SUCCESS","precondition":false,"level":3}]}]},{"number":15,"description":"Entonces verifico que el producto \"Samsung galaxy s6\" se encuentre agregado","duration":919,"startTime":"2024-09-25T22:49:16.576441800-05:00[America/Bogota]","screenshots":[{"screenshot":"0d69a83265bde4618297f287e964521d6891911dea32c5d900bb8ca014552302.png","htmlSource":"pagesource15127271584383446385.html","timeStamp":1727322556610,"screenshotName":"0d69a83265bde4618297f287e964521d6891911dea32c5d900bb8ca014552302.png"},{"screenshot":"6fda0380da7a4cde6dcd8e64c0c5710f3cda3eaa5e3531e1caacba0338afc7ce.png","timeStamp":1727322557496,"screenshotName":"6fda0380da7a4cde6dcd8e64c0c5710f3cda3eaa5e3531e1caacba0338afc7ce.png"}],"result":"SUCCESS","precondition":false,"level":1,"children":[{"number":16,"description":"Then verify product should be (true)","duration":682,"startTime":"2024-09-25T22:49:16.784051500-05:00[America/Bogota]","screenshots":[{"screenshot":"9dbfbf5d88d57b757200938d17f3b940949744392f8679d8b467867322d542d4.png","htmlSource":"pagesource5063699801040746246.html","timeStamp":1727322557076,"screenshotName":"9dbfbf5d88d57b757200938d17f3b940949744392f8679d8b467867322d542d4.png"},{"screenshot":"6fda0380da7a4cde6dcd8e64c0c5710f3cda3eaa5e3531e1caacba0338afc7ce.png","timeStamp":1727322557466,"screenshotName":"6fda0380da7a4cde6dcd8e64c0c5710f3cda3eaa5e3531e1caacba0338afc7ce.png"}],"result":"SUCCESS","precondition":false,"level":2}]},{"number":17,"description":"Y finalizo la compra verificada","duration":5639,"startTime":"2024-09-25T22:49:17.504788200-05:00[America/Bogota]","screenshots":[{"screenshot":"6fda0380da7a4cde6dcd8e64c0c5710f3cda3eaa5e3531e1caacba0338afc7ce.png","htmlSource":"pagesource2837521098113947204.html","timeStamp":1727322557553,"screenshotName":"6fda0380da7a4cde6dcd8e64c0c5710f3cda3eaa5e3531e1caacba0338afc7ce.png"},{"screenshot":"c63763d2cf95488283a7f110624964e5d1bc8ce453d3c9cdc2fee26530a338fc.png","timeStamp":1727322563143,"screenshotName":"c63763d2cf95488283a7f110624964e5d1bc8ce453d3c9cdc2fee26530a338fc.png"}],"result":"SUCCESS","precondition":false,"level":1,"children":[{"number":18,"description":"Cindy purchase","duration":4842,"startTime":"2024-09-25T22:49:17.659380900-05:00[America/Bogota]","screenshots":[{"screenshot":"6fda0380da7a4cde6dcd8e64c0c5710f3cda3eaa5e3531e1caacba0338afc7ce.png","htmlSource":"pagesource5771929387399391408.html","timeStamp":1727322558006,"screenshotName":"6fda0380da7a4cde6dcd8e64c0c5710f3cda3eaa5e3531e1caacba0338afc7ce.png"},{"screenshot":"a5076346ae5cc8b63b8398e1828aab6fffb3e4e339664a18eda6bf8e91cfc50b.png","timeStamp":1727322562501,"screenshotName":"a5076346ae5cc8b63b8398e1828aab6fffb3e4e339664a18eda6bf8e91cfc50b.png"}],"result":"SUCCESS","precondition":false,"level":2,"children":[{"number":19,"description":"cindy clicks on Boton Place Order","duration":880,"startTime":"2024-09-25T22:49:18.214796400-05:00[America/Bogota]","screenshots":[{"screenshot":"6fda0380da7a4cde6dcd8e64c0c5710f3cda3eaa5e3531e1caacba0338afc7ce.png","htmlSource":"pagesource11799249782898127771.html","timeStamp":1727322558571,"screenshotName":"6fda0380da7a4cde6dcd8e64c0c5710f3cda3eaa5e3531e1caacba0338afc7ce.png"},{"screenshot":"3597c458b46572e9a46fb1054b0107fc7671655277dd1b8ce1aa7aea1b5d25ff.png","timeStamp":1727322559094,"screenshotName":"3597c458b46572e9a46fb1054b0107fc7671655277dd1b8ce1aa7aea1b5d25ff.png"}],"result":"SUCCESS","precondition":false,"level":3},{"number":20,"description":"cindy enters \u0027Cindy Yazan\u0027 into Nombre en la orden de compra","duration":509,"startTime":"2024-09-25T22:49:19.115422200-05:00[America/Bogota]","screenshots":[{"screenshot":"3597c458b46572e9a46fb1054b0107fc7671655277dd1b8ce1aa7aea1b5d25ff.png","htmlSource":"pagesource13019953685056140573.html","timeStamp":1727322559169,"screenshotName":"3597c458b46572e9a46fb1054b0107fc7671655277dd1b8ce1aa7aea1b5d25ff.png"},{"screenshot":"615a16dc09d0ebb4aef72fb6ffdf1b1d106c763e7d657c3ddd85753fdc43564a.png","timeStamp":1727322559624,"screenshotName":"615a16dc09d0ebb4aef72fb6ffdf1b1d106c763e7d657c3ddd85753fdc43564a.png"}],"result":"SUCCESS","precondition":false,"level":3},{"number":21,"description":"cindy enters \u0027Ecuador\u0027 into Pais en la orden de compra","duration":448,"startTime":"2024-09-25T22:49:19.637045900-05:00[America/Bogota]","screenshots":[{"screenshot":"615a16dc09d0ebb4aef72fb6ffdf1b1d106c763e7d657c3ddd85753fdc43564a.png","htmlSource":"pagesource10078805483517230243.html","timeStamp":1727322559672,"screenshotName":"615a16dc09d0ebb4aef72fb6ffdf1b1d106c763e7d657c3ddd85753fdc43564a.png"},{"screenshot":"42f89015cc87325b4036a928cfe4ce4809be6eb887ec321b868265aecdc7f967.png","timeStamp":1727322560085,"screenshotName":"42f89015cc87325b4036a928cfe4ce4809be6eb887ec321b868265aecdc7f967.png"}],"result":"SUCCESS","precondition":false,"level":3},{"number":22,"description":"cindy enters \u0027Quito\u0027 into  Ciudad en la orden de compra","duration":476,"startTime":"2024-09-25T22:49:20.103768300-05:00[America/Bogota]","screenshots":[{"screenshot":"42f89015cc87325b4036a928cfe4ce4809be6eb887ec321b868265aecdc7f967.png","htmlSource":"pagesource3432549023094566493.html","timeStamp":1727322560147,"screenshotName":"42f89015cc87325b4036a928cfe4ce4809be6eb887ec321b868265aecdc7f967.png"},{"screenshot":"1d2d902f42c4c5838adc0004b439dac96c3a991b478405d4d5a230ffc32e9662.png","timeStamp":1727322560579,"screenshotName":"1d2d902f42c4c5838adc0004b439dac96c3a991b478405d4d5a230ffc32e9662.png"}],"result":"SUCCESS","precondition":false,"level":3},{"number":23,"description":"cindy enters \u00274012345684592458\u0027 into Numero Tarjeta en la orden de compra","duration":480,"startTime":"2024-09-25T22:49:20.592376-05:00[America/Bogota]","screenshots":[{"screenshot":"1d2d902f42c4c5838adc0004b439dac96c3a991b478405d4d5a230ffc32e9662.png","htmlSource":"pagesource3768559330960936214.html","timeStamp":1727322560630,"screenshotName":"1d2d902f42c4c5838adc0004b439dac96c3a991b478405d4d5a230ffc32e9662.png"},{"screenshot":"f0493626c201e95bc0c9fc3f2dd7f0c1308bcf68c425deb00d232b6ee9295ea5.png","timeStamp":1727322561073,"screenshotName":"f0493626c201e95bc0c9fc3f2dd7f0c1308bcf68c425deb00d232b6ee9295ea5.png"}],"result":"SUCCESS","precondition":false,"level":3},{"number":24,"description":"cindy enters \u0027septiembre\u0027 into Mes en la orden de compra","duration":459,"startTime":"2024-09-25T22:49:21.083555400-05:00[America/Bogota]","screenshots":[{"screenshot":"f0493626c201e95bc0c9fc3f2dd7f0c1308bcf68c425deb00d232b6ee9295ea5.png","htmlSource":"pagesource3913769129824335159.html","timeStamp":1727322561118,"screenshotName":"f0493626c201e95bc0c9fc3f2dd7f0c1308bcf68c425deb00d232b6ee9295ea5.png"},{"screenshot":"2f60445b6894051f32cd1ff9be874222261abda06f7dea1725105ec5726b5024.png","timeStamp":1727322561542,"screenshotName":"2f60445b6894051f32cd1ff9be874222261abda06f7dea1725105ec5726b5024.png"}],"result":"SUCCESS","precondition":false,"level":3},{"number":25,"description":"cindy enters \u00272024\u0027 into Año en la orden de compra","duration":550,"startTime":"2024-09-25T22:49:21.553217700-05:00[America/Bogota]","screenshots":[{"screenshot":"2f60445b6894051f32cd1ff9be874222261abda06f7dea1725105ec5726b5024.png","htmlSource":"pagesource18440814998076841253.html","timeStamp":1727322561594,"screenshotName":"2f60445b6894051f32cd1ff9be874222261abda06f7dea1725105ec5726b5024.png"},{"screenshot":"42592e601ea3f51fe4f1b42cd3be5b7845d3b668cbdeb55d89b5b3f056a8cc80.png","timeStamp":1727322562103,"screenshotName":"42592e601ea3f51fe4f1b42cd3be5b7845d3b668cbdeb55d89b5b3f056a8cc80.png"}],"result":"SUCCESS","precondition":false,"level":3},{"number":26,"description":"cindy clicks on Año en la orden de compra","duration":371,"startTime":"2024-09-25T22:49:22.116988100-05:00[America/Bogota]","screenshots":[{"screenshot":"42592e601ea3f51fe4f1b42cd3be5b7845d3b668cbdeb55d89b5b3f056a8cc80.png","htmlSource":"pagesource2990555553522424353.html","timeStamp":1727322562148,"screenshotName":"42592e601ea3f51fe4f1b42cd3be5b7845d3b668cbdeb55d89b5b3f056a8cc80.png"},{"screenshot":"a5076346ae5cc8b63b8398e1828aab6fffb3e4e339664a18eda6bf8e91cfc50b.png","timeStamp":1727322562488,"screenshotName":"a5076346ae5cc8b63b8398e1828aab6fffb3e4e339664a18eda6bf8e91cfc50b.png"}],"result":"SUCCESS","precondition":false,"level":3}]},{"number":27,"description":"Then verify purchase should be (true)","duration":575,"startTime":"2024-09-25T22:49:22.546508300-05:00[America/Bogota]","screenshots":[{"screenshot":"12012aab47a0aa36b159b5dacb4d400811833c04cb0020c2c05af6e3124e510c.png","htmlSource":"pagesource12512286492672650668.html","timeStamp":1727322562829,"screenshotName":"12012aab47a0aa36b159b5dacb4d400811833c04cb0020c2c05af6e3124e510c.png"},{"screenshot":"c63763d2cf95488283a7f110624964e5d1bc8ce453d3c9cdc2fee26530a338fc.png","timeStamp":1727322563121,"screenshotName":"c63763d2cf95488283a7f110624964e5d1bc8ce453d3c9cdc2fee26530a338fc.png"}],"result":"SUCCESS","precondition":false,"level":2}]}]},{"number":28,"description":"2: Login con Carrito y agregar productos ({producto\u003dNokia lumia 1520})","duration":13997,"startTime":"2024-09-25T22:49:24.088202900-05:00[America/Bogota]","screenshots":[{"screenshot":"2676e0cf2acdec94e9c3d54a61877949424fba9ea9c4a9c3063ac4acc7dfc153.png","timeStamp":1727322578086,"screenshotName":"2676e0cf2acdec94e9c3d54a61877949424fba9ea9c4a9c3063ac4acc7dfc153.png"}],"result":"SUCCESS","precondition":false,"level":0,"lineNumber":22,"children":[{"number":29,"description":"Dado que soy un usuario de DemoBlaze","duration":2407,"startTime":"2024-09-25T22:49:24.178639600-05:00[America/Bogota]","screenshots":[{"screenshot":"a52b145e7c3bc85f63122587b2b572186e7a5eb787939c3f67fbd11b129cab1e.png","timeStamp":1727322566584,"screenshotName":"a52b145e7c3bc85f63122587b2b572186e7a5eb787939c3f67fbd11b129cab1e.png"}],"result":"SUCCESS","precondition":false,"level":1,"children":[{"number":30,"description":"cindy opens the browser at https://www.demoblaze.com","duration":2342,"startTime":"2024-09-25T22:49:24.221565900-05:00[America/Bogota]","screenshots":[{"screenshot":"a52b145e7c3bc85f63122587b2b572186e7a5eb787939c3f67fbd11b129cab1e.png","timeStamp":1727322566564,"screenshotName":"a52b145e7c3bc85f63122587b2b572186e7a5eb787939c3f67fbd11b129cab1e.png"}],"result":"SUCCESS","precondition":false,"level":2}]},{"number":31,"description":"Cuando agrego el producto \"Nokia lumia 1520\" al carrito","duration":4802,"startTime":"2024-09-25T22:49:26.591386100-05:00[America/Bogota]","screenshots":[{"screenshot":"a52b145e7c3bc85f63122587b2b572186e7a5eb787939c3f67fbd11b129cab1e.png","htmlSource":"pagesource3157489377627341711.html","timeStamp":1727322566627,"screenshotName":"a52b145e7c3bc85f63122587b2b572186e7a5eb787939c3f67fbd11b129cab1e.png"},{"screenshot":"60795f197701d9aa20291d51716437665778d3b0bcbfde4e3e87a8ae0a6dfeff.png","timeStamp":1727322571394,"screenshotName":"60795f197701d9aa20291d51716437665778d3b0bcbfde4e3e87a8ae0a6dfeff.png"}],"result":"SUCCESS","precondition":false,"level":1,"children":[{"number":32,"description":"Cindy login cart con producto","duration":4723,"startTime":"2024-09-25T22:49:26.659858400-05:00[America/Bogota]","screenshots":[{"screenshot":"a52b145e7c3bc85f63122587b2b572186e7a5eb787939c3f67fbd11b129cab1e.png","htmlSource":"pagesource10547758526518965777.html","timeStamp":1727322566935,"screenshotName":"a52b145e7c3bc85f63122587b2b572186e7a5eb787939c3f67fbd11b129cab1e.png"},{"screenshot":"60795f197701d9aa20291d51716437665778d3b0bcbfde4e3e87a8ae0a6dfeff.png","timeStamp":1727322571383,"screenshotName":"60795f197701d9aa20291d51716437665778d3b0bcbfde4e3e87a8ae0a6dfeff.png"}],"result":"SUCCESS","precondition":false,"level":2,"children":[{"number":33,"description":"cindy clicks on LOG IN","duration":705,"startTime":"2024-09-25T22:49:27.060713400-05:00[America/Bogota]","screenshots":[{"screenshot":"6d7fe321e6fefa955ccc258d73782e0e28b3e999ed95f1ec2730ac17923f45dc.png","htmlSource":"pagesource7626863656235702603.html","timeStamp":1727322567385,"screenshotName":"6d7fe321e6fefa955ccc258d73782e0e28b3e999ed95f1ec2730ac17923f45dc.png"},{"screenshot":"c04a3e35c58c67c7267f67346fb1b3c4b58ef0999bd9ab727d05caf4b5392087.png","timeStamp":1727322567766,"screenshotName":"c04a3e35c58c67c7267f67346fb1b3c4b58ef0999bd9ab727d05caf4b5392087.png"}],"result":"SUCCESS","precondition":false,"level":3},{"number":34,"description":"cindy enters \u0027Cindy20\u0027 into Name login","duration":507,"startTime":"2024-09-25T22:49:27.779181500-05:00[America/Bogota]","screenshots":[{"screenshot":"c04a3e35c58c67c7267f67346fb1b3c4b58ef0999bd9ab727d05caf4b5392087.png","htmlSource":"pagesource10559805912103225324.html","timeStamp":1727322567814,"screenshotName":"c04a3e35c58c67c7267f67346fb1b3c4b58ef0999bd9ab727d05caf4b5392087.png"},{"screenshot":"7b3c12a48e4da8f0e4f70ee33e1c902b4e86e2193fa43d5edecd36b6c8043d3a.png","timeStamp":1727322568286,"screenshotName":"7b3c12a48e4da8f0e4f70ee33e1c902b4e86e2193fa43d5edecd36b6c8043d3a.png"}],"result":"SUCCESS","precondition":false,"level":3},{"number":35,"description":"cindy enters \u002712345678\u0027 into Password login","duration":452,"startTime":"2024-09-25T22:49:28.299932300-05:00[America/Bogota]","screenshots":[{"screenshot":"7b3c12a48e4da8f0e4f70ee33e1c902b4e86e2193fa43d5edecd36b6c8043d3a.png","htmlSource":"pagesource18267415271486585076.html","timeStamp":1727322568336,"screenshotName":"7b3c12a48e4da8f0e4f70ee33e1c902b4e86e2193fa43d5edecd36b6c8043d3a.png"},{"screenshot":"87fb02548369a0f3eabb6553edddd3395415bdc15d57a28aba4737a7ebe94c85.png","timeStamp":1727322568752,"screenshotName":"87fb02548369a0f3eabb6553edddd3395415bdc15d57a28aba4737a7ebe94c85.png"}],"result":"SUCCESS","precondition":false,"level":3},{"number":36,"description":"cindy clicks on Login completado","duration":358,"startTime":"2024-09-25T22:49:28.763311600-05:00[America/Bogota]","screenshots":[{"screenshot":"87fb02548369a0f3eabb6553edddd3395415bdc15d57a28aba4737a7ebe94c85.png","htmlSource":"pagesource16487424004109335548.html","timeStamp":1727322568792,"screenshotName":"87fb02548369a0f3eabb6553edddd3395415bdc15d57a28aba4737a7ebe94c85.png"},{"screenshot":"273c92b4db9b3e2da0fd10e69bafb63f2a92bf111ae4273707e916f9e6f8f406.png","timeStamp":1727322569122,"screenshotName":"273c92b4db9b3e2da0fd10e69bafb63f2a92bf111ae4273707e916f9e6f8f406.png"}],"result":"SUCCESS","precondition":false,"level":3},{"number":37,"description":"cindy clicks on Producto","duration":985,"startTime":"2024-09-25T22:49:29.940161800-05:00[America/Bogota]","screenshots":[{"screenshot":"707e9724e41baac4096438d96e22996fe7d88add3157298cb36236c831c83c3c.png","htmlSource":"pagesource8357188303043756064.html","timeStamp":1727322570200,"screenshotName":"707e9724e41baac4096438d96e22996fe7d88add3157298cb36236c831c83c3c.png"},{"screenshot":"4c7fe345b72cb95026f34022a7ec1b0d3e71c2de6d44e02f6edc97c6e9315abc.png","timeStamp":1727322570925,"screenshotName":"4c7fe345b72cb95026f34022a7ec1b0d3e71c2de6d44e02f6edc97c6e9315abc.png"}],"result":"SUCCESS","precondition":false,"level":3},{"number":38,"description":"cindy clicks on Añadir al carrito","duration":436,"startTime":"2024-09-25T22:49:30.938715200-05:00[America/Bogota]","screenshots":[{"screenshot":"4c7fe345b72cb95026f34022a7ec1b0d3e71c2de6d44e02f6edc97c6e9315abc.png","htmlSource":"pagesource16523515462607251559.html","timeStamp":1727322570966,"screenshotName":"4c7fe345b72cb95026f34022a7ec1b0d3e71c2de6d44e02f6edc97c6e9315abc.png"},{"screenshot":"60795f197701d9aa20291d51716437665778d3b0bcbfde4e3e87a8ae0a6dfeff.png","timeStamp":1727322571375,"screenshotName":"60795f197701d9aa20291d51716437665778d3b0bcbfde4e3e87a8ae0a6dfeff.png"}],"result":"SUCCESS","precondition":false,"level":3}]}]},{"number":39,"description":"Y ingreso para verificar carrito","duration":1394,"startTime":"2024-09-25T22:49:31.399629700-05:00[America/Bogota]","screenshots":[{"screenshot":"60795f197701d9aa20291d51716437665778d3b0bcbfde4e3e87a8ae0a6dfeff.png","htmlSource":"pagesource17797690086412817653.html","timeStamp":1727322571429,"screenshotName":"60795f197701d9aa20291d51716437665778d3b0bcbfde4e3e87a8ae0a6dfeff.png"},{"screenshot":"0d69a83265bde4618297f287e964521d6891911dea32c5d900bb8ca014552302.png","timeStamp":1727322572792,"screenshotName":"0d69a83265bde4618297f287e964521d6891911dea32c5d900bb8ca014552302.png"}],"result":"SUCCESS","precondition":false,"level":1,"children":[{"number":40,"description":"Cindy login new cart","duration":1322,"startTime":"2024-09-25T22:49:31.455784300-05:00[America/Bogota]","screenshots":[{"screenshot":"0d69a83265bde4618297f287e964521d6891911dea32c5d900bb8ca014552302.png","timeStamp":1727322572778,"screenshotName":"0d69a83265bde4618297f287e964521d6891911dea32c5d900bb8ca014552302.png"}],"result":"SUCCESS","precondition":false,"level":2,"children":[{"number":41,"description":"cindy clicks on Carrito","duration":1043,"startTime":"2024-09-25T22:49:31.722908600-05:00[America/Bogota]","screenshots":[{"screenshot":"8e95d41fd420d5a43eb05f97a3aa69549cd4a15e447604c8ba3457d5485d2615.png","htmlSource":"pagesource12470999589697938028.html","timeStamp":1727322572038,"screenshotName":"8e95d41fd420d5a43eb05f97a3aa69549cd4a15e447604c8ba3457d5485d2615.png"},{"screenshot":"0d69a83265bde4618297f287e964521d6891911dea32c5d900bb8ca014552302.png","timeStamp":1727322572766,"screenshotName":"0d69a83265bde4618297f287e964521d6891911dea32c5d900bb8ca014552302.png"}],"result":"SUCCESS","precondition":false,"level":3}]}]},{"number":42,"description":"Entonces verifico que el producto \"Nokia lumia 1520\" se encuentre agregado","duration":576,"startTime":"2024-09-25T22:49:32.800392-05:00[America/Bogota]","screenshots":[{"screenshot":"0d69a83265bde4618297f287e964521d6891911dea32c5d900bb8ca014552302.png","htmlSource":"pagesource16426674653789965075.html","timeStamp":1727322572830,"screenshotName":"0d69a83265bde4618297f287e964521d6891911dea32c5d900bb8ca014552302.png"},{"screenshot":"c1016d8ca6ee9b3a5bb3d4c48af79389a98b6e6f43cb6619c9c1ffc535cca524.png","timeStamp":1727322573377,"screenshotName":"c1016d8ca6ee9b3a5bb3d4c48af79389a98b6e6f43cb6619c9c1ffc535cca524.png"}],"result":"SUCCESS","precondition":false,"level":1,"children":[{"number":43,"description":"Then verify product should be (true)","duration":528,"startTime":"2024-09-25T22:49:32.837887600-05:00[America/Bogota]","screenshots":[{"screenshot":"9dbfbf5d88d57b757200938d17f3b940949744392f8679d8b467867322d542d4.png","htmlSource":"pagesource1598651146202923961.html","timeStamp":1727322573094,"screenshotName":"9dbfbf5d88d57b757200938d17f3b940949744392f8679d8b467867322d542d4.png"},{"screenshot":"c1016d8ca6ee9b3a5bb3d4c48af79389a98b6e6f43cb6619c9c1ffc535cca524.png","timeStamp":1727322573366,"screenshotName":"c1016d8ca6ee9b3a5bb3d4c48af79389a98b6e6f43cb6619c9c1ffc535cca524.png"}],"result":"SUCCESS","precondition":false,"level":2}]},{"number":44,"description":"Y finalizo la compra verificada","duration":4686,"startTime":"2024-09-25T22:49:33.381648400-05:00[America/Bogota]","screenshots":[{"screenshot":"c1016d8ca6ee9b3a5bb3d4c48af79389a98b6e6f43cb6619c9c1ffc535cca524.png","htmlSource":"pagesource4794258147526521840.html","timeStamp":1727322573404,"screenshotName":"c1016d8ca6ee9b3a5bb3d4c48af79389a98b6e6f43cb6619c9c1ffc535cca524.png"},{"screenshot":"2676e0cf2acdec94e9c3d54a61877949424fba9ea9c4a9c3063ac4acc7dfc153.png","timeStamp":1727322578066,"screenshotName":"2676e0cf2acdec94e9c3d54a61877949424fba9ea9c4a9c3063ac4acc7dfc153.png"}],"result":"SUCCESS","precondition":false,"level":1,"children":[{"number":45,"description":"Cindy purchase","duration":4270,"startTime":"2024-09-25T22:49:33.432231900-05:00[America/Bogota]","screenshots":[{"screenshot":"c1016d8ca6ee9b3a5bb3d4c48af79389a98b6e6f43cb6619c9c1ffc535cca524.png","htmlSource":"pagesource9821690057995923796.html","timeStamp":1727322573670,"screenshotName":"c1016d8ca6ee9b3a5bb3d4c48af79389a98b6e6f43cb6619c9c1ffc535cca524.png"},{"screenshot":"7e50c2f4a7973ef949f7a5dde40bee3b06a1b41a4fd1ab608c0cce04c0535881.png","timeStamp":1727322577702,"screenshotName":"7e50c2f4a7973ef949f7a5dde40bee3b06a1b41a4fd1ab608c0cce04c0535881.png"}],"result":"SUCCESS","precondition":false,"level":2,"children":[{"number":46,"description":"cindy clicks on Boton Place Order","duration":521,"startTime":"2024-09-25T22:49:33.787713700-05:00[America/Bogota]","screenshots":[{"screenshot":"c1016d8ca6ee9b3a5bb3d4c48af79389a98b6e6f43cb6619c9c1ffc535cca524.png","htmlSource":"pagesource10782309173657369444.html","timeStamp":1727322574014,"screenshotName":"c1016d8ca6ee9b3a5bb3d4c48af79389a98b6e6f43cb6619c9c1ffc535cca524.png"},{"screenshot":"35a31cfacefb09bba99806b1cff2e33d1898147de423da62027a2d1fae2c2b4c.png","timeStamp":1727322574309,"screenshotName":"35a31cfacefb09bba99806b1cff2e33d1898147de423da62027a2d1fae2c2b4c.png"}],"result":"SUCCESS","precondition":false,"level":3},{"number":47,"description":"cindy enters \u0027Cindy Yazan\u0027 into Nombre en la orden de compra","duration":484,"startTime":"2024-09-25T22:49:34.322209400-05:00[America/Bogota]","screenshots":[{"screenshot":"35a31cfacefb09bba99806b1cff2e33d1898147de423da62027a2d1fae2c2b4c.png","htmlSource":"pagesource16549831736716668886.html","timeStamp":1727322574359,"screenshotName":"35a31cfacefb09bba99806b1cff2e33d1898147de423da62027a2d1fae2c2b4c.png"},{"screenshot":"13ba26232df74c6faf4f4ced63fd5691e7e0f6b8db1b6022642336eb43a0b0c0.png","timeStamp":1727322574806,"screenshotName":"13ba26232df74c6faf4f4ced63fd5691e7e0f6b8db1b6022642336eb43a0b0c0.png"}],"result":"SUCCESS","precondition":false,"level":3},{"number":48,"description":"cindy enters \u0027Ecuador\u0027 into Pais en la orden de compra","duration":374,"startTime":"2024-09-25T22:49:34.822961900-05:00[America/Bogota]","screenshots":[{"screenshot":"13ba26232df74c6faf4f4ced63fd5691e7e0f6b8db1b6022642336eb43a0b0c0.png","htmlSource":"pagesource16590217149173334442.html","timeStamp":1727322574856,"screenshotName":"13ba26232df74c6faf4f4ced63fd5691e7e0f6b8db1b6022642336eb43a0b0c0.png"},{"screenshot":"6c3dcf1855a0d6d99a071291662e7c5f78cdd6f7b695cd73cc02503276919eae.png","timeStamp":1727322575197,"screenshotName":"6c3dcf1855a0d6d99a071291662e7c5f78cdd6f7b695cd73cc02503276919eae.png"}],"result":"SUCCESS","precondition":false,"level":3},{"number":49,"description":"cindy enters \u0027Quito\u0027 into  Ciudad en la orden de compra","duration":412,"startTime":"2024-09-25T22:49:35.208395300-05:00[America/Bogota]","screenshots":[{"screenshot":"6c3dcf1855a0d6d99a071291662e7c5f78cdd6f7b695cd73cc02503276919eae.png","htmlSource":"pagesource11547903731792439728.html","timeStamp":1727322575243,"screenshotName":"6c3dcf1855a0d6d99a071291662e7c5f78cdd6f7b695cd73cc02503276919eae.png"},{"screenshot":"a727c686b9fe4969e7a7e9b53443ce2485d2acb8736b694c33536da85565e4b2.png","timeStamp":1727322575620,"screenshotName":"a727c686b9fe4969e7a7e9b53443ce2485d2acb8736b694c33536da85565e4b2.png"}],"result":"SUCCESS","precondition":false,"level":3},{"number":50,"description":"cindy enters \u00274012345684592458\u0027 into Numero Tarjeta en la orden de compra","duration":598,"startTime":"2024-09-25T22:49:35.632074100-05:00[America/Bogota]","screenshots":[{"screenshot":"a727c686b9fe4969e7a7e9b53443ce2485d2acb8736b694c33536da85565e4b2.png","htmlSource":"pagesource6121066922941744223.html","timeStamp":1727322575671,"screenshotName":"a727c686b9fe4969e7a7e9b53443ce2485d2acb8736b694c33536da85565e4b2.png"},{"screenshot":"3a1715236f7be9f38a84659c88339542e7ba82e9b14661a345b7b5f7d1968850.png","timeStamp":1727322576230,"screenshotName":"3a1715236f7be9f38a84659c88339542e7ba82e9b14661a345b7b5f7d1968850.png"}],"result":"SUCCESS","precondition":false,"level":3},{"number":51,"description":"cindy enters \u0027septiembre\u0027 into Mes en la orden de compra","duration":495,"startTime":"2024-09-25T22:49:36.245027200-05:00[America/Bogota]","screenshots":[{"screenshot":"3a1715236f7be9f38a84659c88339542e7ba82e9b14661a345b7b5f7d1968850.png","htmlSource":"pagesource1682665464971490708.html","timeStamp":1727322576280,"screenshotName":"3a1715236f7be9f38a84659c88339542e7ba82e9b14661a345b7b5f7d1968850.png"},{"screenshot":"f84964d1cf3ebcdeeff3e3a7c11b070c6d5e72861d4e8ce07f957cb81c5bf241.png","timeStamp":1727322576740,"screenshotName":"f84964d1cf3ebcdeeff3e3a7c11b070c6d5e72861d4e8ce07f957cb81c5bf241.png"}],"result":"SUCCESS","precondition":false,"level":3},{"number":52,"description":"cindy enters \u00272024\u0027 into Año en la orden de compra","duration":473,"startTime":"2024-09-25T22:49:36.750718200-05:00[America/Bogota]","screenshots":[{"screenshot":"f84964d1cf3ebcdeeff3e3a7c11b070c6d5e72861d4e8ce07f957cb81c5bf241.png","htmlSource":"pagesource11200621129284056699.html","timeStamp":1727322576787,"screenshotName":"f84964d1cf3ebcdeeff3e3a7c11b070c6d5e72861d4e8ce07f957cb81c5bf241.png"},{"screenshot":"de536d473c9813ce5cf6486fc6c9d2e3d13627423716ab19da2cbd6c2291ce4e.png","timeStamp":1727322577223,"screenshotName":"de536d473c9813ce5cf6486fc6c9d2e3d13627423716ab19da2cbd6c2291ce4e.png"}],"result":"SUCCESS","precondition":false,"level":3},{"number":53,"description":"cindy clicks on Año en la orden de compra","duration":449,"startTime":"2024-09-25T22:49:37.236377200-05:00[America/Bogota]","screenshots":[{"screenshot":"de536d473c9813ce5cf6486fc6c9d2e3d13627423716ab19da2cbd6c2291ce4e.png","htmlSource":"pagesource15916415400398820096.html","timeStamp":1727322577279,"screenshotName":"de536d473c9813ce5cf6486fc6c9d2e3d13627423716ab19da2cbd6c2291ce4e.png"},{"screenshot":"7e50c2f4a7973ef949f7a5dde40bee3b06a1b41a4fd1ab608c0cce04c0535881.png","timeStamp":1727322577685,"screenshotName":"7e50c2f4a7973ef949f7a5dde40bee3b06a1b41a4fd1ab608c0cce04c0535881.png"}],"result":"SUCCESS","precondition":false,"level":3}]},{"number":54,"description":"Then verify purchase should be (true)","duration":336,"startTime":"2024-09-25T22:49:37.710097200-05:00[America/Bogota]","screenshots":[{"screenshot":"7e50c2f4a7973ef949f7a5dde40bee3b06a1b41a4fd1ab608c0cce04c0535881.png","htmlSource":"pagesource6754318903170523734.html","timeStamp":1727322577755,"screenshotName":"7e50c2f4a7973ef949f7a5dde40bee3b06a1b41a4fd1ab608c0cce04c0535881.png"},{"screenshot":"2676e0cf2acdec94e9c3d54a61877949424fba9ea9c4a9c3063ac4acc7dfc153.png","timeStamp":1727322578046,"screenshotName":"2676e0cf2acdec94e9c3d54a61877949424fba9ea9c4a9c3063ac4acc7dfc153.png"}],"result":"SUCCESS","precondition":false,"level":2}]}]}],"userStory":{"id":"web/Singin","storyName":"DemoBlaze","displayName":"DemoBlaze","path":"web/Singin","pathElements":[{"name":"web","description":""},{"name":"Singin","description":""}],"type":"feature"},"title":"Login con Carrito y agregar productos","description":"","tags":[{"name":"Chrome","type":"context","displayName":"Chrome"},{"name":"Windows","type":"context","displayName":"Windows"},{"name":"Cart","type":"tag","displayName":"Cart"},{"name":"DemoBlaze","type":"tag","displayName":"DemoBlaze"},{"name":"Chrome, Windows","type":"context","displayName":"Chrome, Windows"}],"startTime":"2024-09-25T22:49:02.992413400-05:00[America/Bogota]","duration":35857,"projectKey":"","driver":"chrome:cindy","isManualTestingUpToDate":false,"context":"chrome,windows","dataTable":{"headers":["producto"],"rows":[{"values":["Samsung galaxy s6"],"lineNumber":21,"result":"SUCCESS"},{"values":["Nokia lumia 1520"],"lineNumber":22,"result":"SUCCESS"}],"predefinedRows":true,"scenarioOutline":"Dado que soy un usuario de DemoBlaze\n\rCuando agrego el producto \"\u003cproducto\u003e\" al carrito\n\rY ingreso para verificar carrito\n\rEntonces verifico que el producto \"\u003cproducto\u003e\" se encuentre agregado\n\rY finalizo la compra verificada\n\r","dataSetDescriptors":[{"startRow":0,"rowCount":0,"name":"","description":""}]},"manual":false,"testSource":"Cucumber","actors":[{"name":"cindy","can":["browse the web"]}],"order":0,"result":"SUCCESS","scenarioOutline":"Dado que soy un usuario de DemoBlaze\r\nCuando agrego el producto \"\u003cproducto\u003e\" al carrito\r\nY ingreso para verificar carrito\r\nEntonces verifico que el producto \"\u003cproducto\u003e\" se encuentre agregado\r\nY finalizo la compra verificada"}